cycle,out_res,out_vld
0,0,0
1,0,0
2,0,0
3,0,0
4,0,1
5,65536,1
6,196608,1
7,65536,1
8,4294901760,1
9,2147483647,1
10,2147483647,1
11,2147483648,1
12,4294901760,1
13,65536,1
14,0,1
15,65536,1
16,0,1
17,0,1
18,4294967295,1
19,98304,1
20,98305,1
21,163840,1
22,2147483648,1
23,2147483647,1
24,2147483648,1
25,2147483648,1
26,4294951796,1
27,2147483647,1
28,2147483648,1
29,2147483647,1
30,2147483647,1
31,2147483647,1
32,0,0
33,0,0
34,2147483647,1
35,2147483648,1
36,2147483648,1
37,2147483647,1
38,0,0
39,2147483648,1
40,2147483648,1
41,2147483648,1
42,2147483647,1
43,2147483647,1
44,2147483647,1
45,0,1
46,2147483648,1
47,2147483648,1
48,12479,1
49,0,0
50,2147483647,1
51,2147483647,1
52,2147483647,1
53,2147483648,1
54,2147483648,1
55,2147483647,1
56,2147483648,1
57,3656488400,1
58,0,0
59,2147483648,1
60,2147483648,1
61,0,0
62,2147483648,1
63,2147483648,1
64,2147483647,1
65,2147483648,1
66,2147483648,1
67,0,0
68,2147483648,1
69,2147483648,1
70,0,0
71,2147483648,1
72,2147483648,1
73,2317979948,1
74,2147483647,1
75,2147483647,1
76,2147483647,1
77,2147483648,1
78,2147483647,1
79,2147483648,1
80,2147483647,1
81,2147483647,1
82,2147483647,1
83,2147483647,1
84,2147483648,1
85,0,0
86,2147483647,1
87,0,0
88,0,0
89,2147483647,1
90,0,0
91,2147483648,1
92,2147483647,1
93,30535,1
94,2147483647,1
95,2147483647,1
96,2147483648,1
97,0,0
98,4294945210,1
99,2147483647,1
100,2147483648,1
101,0,1
102,0,1
103,4182776364,1
104,2147483648,1
105,2147483648,1
106,2147483647,1
107,2147483648,1
108,2147483648,1
109,2147483647,1
110,2147483647,1
111,2147483647,1
112,2147483647,1
113,2147483647,1
114,2147483648,1
115,2147483648,1
116,2147483647,1
117,2147483648,1
118,2147483647,1
119,2147483647,1
120,2147483647,1
121,0,0
122,0,0
123,2147483648,1
124,2147483648,1
125,0,0
126,0,0
127,2147483647,1
128,0,1
129,0,0
130,2147483647,1
131,3922660550,1
132,2147483647,1
133,2147483647,1
134,2147483648,1
135,0,0
136,2147483647,1
137,2147483648,1
138,2147483647,1
139,2147483647,1
140,2147483647,1
141,2147483648,1
142,2147483647,1
143,2147483648,1
144,0,0
145,0,0
146,0,0
147,65536,1
148,0,0
149,4294901760,1
150,2147483647,1
151,2147483647,1
152,2147483647,1
153,2147483648,1
154,2147483648,1
155,0,0
156,0,0
157,2147483647,1
158,4294957756,1
159,2147483647,1
160,2147483647,1
161,3616467149,1
162,0,0
163,2147483648,1
164,2147483648,1
165,2147483648,1
166,2147483647,1
167,2147483648,1
168,0,0
169,0,0
170,0,0
171,2147483647,1
172,2147483647,1
173,0,0
174,0,1
175,2147483647,1
176,3177,1
177,2147483648,1
178,2147483647,1
179,1894,1
180,2147483648,1
181,2147483648,1
182,2147483647,1
183,2147483648,1
184,4294934528,1
185,2147483647,1
186,2147483647,1
187,2147483648,1
188,65536,1
189,2147483648,1
190,2147483648,1
191,2147483647,1
192,3964190549,1
193,29074,1
194,0,0
195,2147483648,1
196,0,0
197,0,0
198,2147483647,1
199,0,1
200,2147483647,1
201,2147483648,1
202,2843005049,1
203,2147483647,1
204,0,0
205,2147483647,1
206,4294947876,1
207,0,1
208,0,0
209,2147483647,1
210,2147483648,1
211,2147483647,1
212,2147483648,1
213,2147483648,1
214,2147483647,1
215,874757352,1
216,2147483647,1
217,0,0
218,0,0
219,2147483647,1
220,2147483647,1
221,2147483647,1
222,2147483647,1
223,2147483647,1
224,2147483648,1
225,0,0
226,0,0
227,0,0
228,0,0
229,0,0
230,0,0
