out_res,out_vld
0,0
0,0
0,0
0,0
0,1
65536,1
196608,1
65536,1
4294901760,1
2147483647,1
2147483647,1
2147483648,1
4294901760,1
65536,1
0,1
65536,1
0,1
0,1
4294967295,1
98304,1
98305,1
163840,1
2147483648,1
2147483647,1
2147483648,1
2147483648,1
4294951796,1
2147483647,1
2147483648,1
2147483647,1
2147483647,1
2147483647,1
0,0
0,0
2147483647,1
2147483648,1
2147483648,1
2147483647,1
0,0
2147483648,1
2147483648,1
2147483648,1
2147483647,1
2147483647,1
2147483647,1
0,1
2147483648,1
2147483648,1
12479,1
0,0
2147483647,1
2147483647,1
2147483647,1
2147483648,1
2147483648,1
2147483647,1
2147483648,1
3656488400,1
0,0
2147483648,1
2147483648,1
0,0
2147483648,1
2147483648,1
2147483647,1
2147483648,1
2147483648,1
0,0
2147483648,1
2147483648,1
0,0
2147483648,1
2147483648,1
2317979948,1
2147483647,1
2147483647,1
2147483647,1
2147483648,1
2147483647,1
2147483648,1
2147483647,1
2147483647,1
2147483647,1
2147483647,1
2147483648,1
0,0
2147483647,1
0,0
0,0
2147483647,1
0,0
2147483648,1
2147483647,1
30535,1
2147483647,1
2147483647,1
2147483648,1
0,0
4294945210,1
2147483647,1
2147483648,1
0,1
0,1
4182776364,1
2147483648,1
2147483648,1
2147483647,1
2147483648,1
2147483648,1
2147483647,1
2147483647,1
2147483647,1
2147483647,1
2147483647,1
2147483648,1
2147483648,1
2147483647,1
2147483648,1
2147483647,1
2147483647,1
2147483647,1
0,0
0,0
2147483648,1
2147483648,1
0,0
0,0
2147483647,1
0,1
0,0
2147483647,1
3922660550,1
2147483647,1
2147483647,1
2147483648,1
0,0
2147483647,1
2147483648,1
2147483647,1
2147483647,1
2147483647,1
2147483648,1
2147483647,1
2147483648,1
0,0
0,0
0,0
65536,1
0,0
4294901760,1
2147483647,1
2147483647,1
2147483647,1
2147483648,1
2147483648,1
0,0
0,0
2147483647,1
4294957756,1
2147483647,1
2147483647,1
3616467149,1
0,0
2147483648,1
2147483648,1
2147483648,1
2147483647,1
2147483648,1
0,0
0,0
0,0
2147483647,1
2147483647,1
0,0
0,1
2147483647,1
3177,1
2147483648,1
2147483647,1
1894,1
2147483648,1
2147483648,1
2147483647,1
2147483648,1
4294934528,1
2147483647,1
2147483647,1
2147483648,1
65536,1
2147483648,1
2147483648,1
2147483647,1
3964190549,1
29074,1
0,0
2147483648,1
0,0
0,0
2147483647,1
0,1
2147483647,1
2147483648,1
2843005049,1
2147483647,1
0,0
2147483647,1
4294947876,1
0,1
0,0
2147483647,1
2147483648,1
2147483647,1
2147483648,1
2147483648,1
2147483647,1
874757352,1
2147483647,1
0,0
0,0
2147483647,1
2147483647,1
2147483647,1
2147483647,1
2147483647,1
2147483648,1
0,0
0,0
0,0
