cycle,out_vld,out_res
0,0,0
1,0,0
2,0,0
3,0,0
4,1,0
5,1,65536
6,1,196608
7,1,65536
8,1,4294901760
9,1,2147483647
10,1,2147483647
11,1,2147483648
12,1,4294901760
13,1,65536
14,1,0
15,1,65536
16,1,0
17,1,0
18,1,4294967295
19,1,98304
20,1,98305
21,1,163840
22,1,2147483648
23,1,2147483647
24,1,2147483648
25,1,2147483648
26,1,4294951796
27,1,2147483647
28,1,2147483648
29,1,2147483647
30,1,2147483647
31,1,2147483647
32,0,0
33,0,0
34,1,2147483647
35,1,2147483648
36,1,2147483648
37,1,2147483647
38,0,0
39,1,2147483648
40,1,2147483648
41,1,2147483648
42,1,2147483647
43,1,2147483647
44,1,2147483647
45,1,0
46,1,2147483648
47,1,2147483648
48,1,12479
49,0,0
50,1,2147483647
51,1,2147483647
52,1,2147483647
53,1,2147483648
54,1,2147483648
55,1,2147483647
56,1,2147483648
57,1,3656488400
58,0,0
59,1,2147483648
60,1,2147483648
61,0,0
62,1,2147483648
63,1,2147483648
64,1,2147483647
65,1,2147483648
66,1,2147483648
67,0,0
68,1,2147483648
69,1,2147483648
70,0,0
71,1,2147483648
72,1,2147483648
73,1,2317979948
74,1,2147483647
75,1,2147483647
76,1,2147483647
77,1,2147483648
78,1,2147483647
79,1,2147483648
80,1,2147483647
81,1,2147483647
82,1,2147483647
83,1,2147483647
84,1,2147483648
85,0,0
86,1,2147483647
87,0,0
88,0,0
89,1,2147483647
90,0,0
91,1,2147483648
92,1,2147483647
93,1,30535
94,1,2147483647
95,1,2147483647
96,1,2147483648
97,0,0
98,1,4294945210
99,1,2147483647
100,1,2147483648
101,1,0
102,1,0
103,1,4182776364
104,1,2147483648
105,1,2147483648
106,1,2147483647
107,1,2147483648
108,1,2147483648
109,1,2147483647
110,1,2147483647
111,1,2147483647
112,1,2147483647
113,1,2147483647
114,1,2147483648
115,1,2147483648
116,1,2147483647
117,1,2147483648
118,1,2147483647
119,1,2147483647
120,1,2147483647
121,0,0
122,0,0
123,1,2147483648
124,1,2147483648
125,0,0
126,0,0
127,1,2147483647
128,1,0
129,0,0
130,1,2147483647
131,1,3922660550
132,1,2147483647
133,1,2147483647
134,1,2147483648
135,0,0
136,1,2147483647
137,1,2147483648
138,1,2147483647
139,1,2147483647
140,1,2147483647
141,1,2147483648
142,1,2147483647
143,1,2147483648
144,0,0
145,0,0
146,0,0
147,1,65536
148,0,0
149,1,4294901760
150,1,2147483647
151,1,2147483647
152,1,2147483647
153,1,2147483648
154,1,2147483648
155,0,0
156,0,0
157,1,2147483647
158,1,4294957756
159,1,2147483647
160,1,2147483647
161,1,3616467149
162,0,0
163,1,2147483648
164,1,2147483648
165,1,2147483648
166,1,2147483647
167,1,2147483648
168,0,0
169,0,0
170,0,0
171,1,2147483647
172,1,2147483647
173,0,0
174,1,0
175,1,2147483647
176,1,3177
177,1,2147483648
178,1,2147483647
179,1,1894
180,1,2147483648
181,1,2147483648
182,1,2147483647
183,1,2147483648
184,1,4294934528
185,1,2147483647
186,1,2147483647
187,1,2147483648
188,1,65536
189,1,2147483648
190,1,2147483648
191,1,2147483647
192,1,3964190549
193,1,29074
194,0,0
195,1,2147483648
196,0,0
197,0,0
198,1,2147483647
199,1,0
200,1,2147483647
201,1,2147483648
202,1,2843005049
203,1,2147483647
204,0,0
205,1,2147483647
206,1,4294947876
207,1,0
208,0,0
209,1,2147483647
210,1,2147483648
211,1,2147483647
212,1,2147483648
213,1,2147483648
214,1,2147483647
215,1,874757352
216,1,2147483647
217,0,0
218,0,0
219,1,2147483647
220,1,2147483647
221,1,2147483647
222,1,2147483647
223,1,2147483647
224,1,2147483648
225,0,0
226,0,0
227,0,0
228,0,0
229,0,0
230,0,0
