in_a,in_b,in_vld
0,0,1
65536,65536,1
131072,98304,1
2147483647,2,1
2147483648,2,1
2147483647,2147483647,1
2147483648,2147483648,1
2147483648,2147483647,1
4294901760,65536,1
4294901760,4294901760,1
1,1,1
32768,131072,1
2147483647,0,1
2147483648,0,1
4294967295,65536,1
98304,65536,1
81920,78644,1
81920,131072,1
1181241943,3163119785,1
1812140441,2147483647,1
2410529190,1801823908,1
3733616459,1815115025,1
3279182318,1,1
2592983555,3134174160,1
1625792787,3701002945,1
433797840,1566942273,1
2783290795,3131575764,1
2392080953,3332894265,1
4294967295,284277889,0
3083418319,2144181937,0
613628803,1073741824,1
2506254832,2119634399,1
2922644564,1652563013,1
4047709743,3224995600,1
1260573448,3091004939,0
2685643886,854316681,1
3944899549,2098545541,1
3465071405,338258951,1
540137296,709214891,1
4141907136,2962958940,1
1603828849,1939118223,1
0,945826486,1
983297492,3692105921,1
2873237671,2030106617,1
817804383,1,1
2775320897,4294967295,0
2147483647,1926780541,1
3965395580,2363629219,1
3590711152,3645120421,1
251837136,4231869256,1
1954246074,3085540042,1
4160575046,2328710672,1
131072,2281169403,1
3656488400,65536,1
2553440342,2245334677,0
3076020365,1699887270,1
311570307,4278201677,1
1139027119,3783282817,0
677517496,3021680963,1
2849232839,576775951,1
1073741824,1472659626,1
2170715377,218179599,1
189351213,4208200162,1
3030818620,480494664,0
2373077218,179653598,1
1536778950,2864457210,1
3756862531,3218981849,0
1770791023,3970642689,1
1065870178,3011966884,1
4294901760,1976987348,1
977515194,2147483647,1
3321412630,2187880715,1
118543408,1121910732,1
164313410,3377683299,1
496694873,816382125,1
846259450,3954680709,1
3865671731,2864283209,1
2381183483,2444288473,1
1305132983,1384049914,1
2195475598,3160930353,1
2659704908,2147483647,1
855256552,2147483647,0
3300636585,2472487690,1
1716495971,0,0
3803044105,939915527,0
1995226582,521231222,1
3700092464,3228856718,0
1027553177,3064651867,1
346078411,918920620,1
2001129658,1,1
2472571231,4049044592,1
3589427315,3856070374,1
2085816511,3427995190,1
3949401194,2294043548,0
2847562279,1,1
215970859,909074012,1
1628334692,3573087602,1
0,4088463963,1
0,4078551333,1
32768,4070585433,1
1584392711,3085320828,1
1335901990,3989540022,1
1611931113,851819913,1
1043030161,3459716271,1
176390590,2841212515,1
2105400301,657091982,1
2793693337,3327059683,1
2544659112,4014170428,1
3223271103,2869847630,1
1395925222,1109615163,1
3780032269,820581106,1
3057339843,74059253,1
1044987715,1584930775,1
2363900493,1948821078,1
3097892639,2964229896,1
2563196714,3576111591,1
1298229437,543669676,1
2147483648,2108307952,0
2016044512,220661337,0
3530959836,230249217,1
1304963614,3283259600,1
2244431947,1901472238,0
2667292043,3178659381,0
906346324,674555072,1
0,2018258729,1
3691982799,2147483647,0
4010075517,2338877621,1
3550353803,32768,1
3956491798,2319203166,1
3820042236,2592930364,1
3527977383,752438459,1
1194673401,3497155420,0
1753841726,690737494,1
157612991,2147483648,1
4243939720,2330421741,1
3248898619,3264134512,1
3984324182,2998961044,1
680229045,2371901750,1
3921003983,3574027737,1
1174350979,4210118640,1
1647489402,3776677517,0
1782164134,2180716723,0
4294866888,3384950377,0
2147483647,2,1
2261436148,2654424954,0
2147483648,2,1
638212450,1482296058,1
2995732958,3330938159,1
3484974703,4212581851,1
1073741824,3629416688,1
619142798,4165932723,1
1138264176,2291890389,0
2323646093,388176285,0
431675310,124327519,1
4294967295,625217504,1
3403845222,3740227599,1
614685938,1090824373,1
4294901760,678500147,1
2523601252,1074163698,0
2075362821,2456389272,1
1268006448,2827075539,1
3431078106,1513206988,1
3600630513,2776011793,1
2489250532,1267489756,1
4172515979,3923396682,0
3463841709,494650131,0
2147483647,4208819875,0
1570991899,59780189,1
2887681752,4038522943,1
2411226340,3538431800,0
1753617371,0,1
417436465,582672654,1
4086753847,4294967295,1
1557724698,2769510048,1
4158416864,3539873758,1
4170814022,4294967295,1
131072,2380304322,1
1000721711,2559721644,1
4241397494,3429590757,1
566090561,3386287675,1
2147483648,1,1
2045460840,468383404,1
2239615923,4140460939,1
1724932977,3907135299,1
131072,32768,1
1396660850,2278724262,1
3014119648,923517027,1
1947762953,408390575,1
3964190549,65536,1
4294967295,2389594115,1
524979361,3222446335,0
4159240421,1510308881,1
2820660931,464794418,0
3275366252,3466989388,0
1148679234,1459535801,1
1721355673,0,1
1615742667,676067682,1
2560761628,668210614,1
65536,2843005049,1
1173242669,488842470,1
2865312534,1,0
2147483647,1097447932,1
1,3022245086,1
3462603446,0,1
2749387529,1739600515,0
1554145481,454678712,1
337786687,3203207350,1
2719679239,3333874861,1
634323009,2147483648,1
2815389788,2122216473,1
2682300615,2693878240,1
4294901760,3420209944,1
318646463,161521910,1
1651339677,176191212,0
808482355,2153356179,0
3596507613,2775094726,1
4256252574,2619094295,1
1663941470,1437308013,1
1660280619,645848526,1
3937396035,2843848856,1
363865392,2879586763,1
2147483648,919950484,0
0,0,0
0,0,0
0,0,0
0,0,0
0,0,0
0,0,0
