cycle,a_out,b_out,out_vld
0,0,0,0
1,0,0,0
2,0,0,1
3,65536,131072,1
4,131072,131072,1
5,0,131072,1
6,2147483647,0,1
7,2147483649,0,1
8,2147483647,0,1
9,0,0,1
10,0,0,1
11,4294836224,0,1
12,2147483647,2147483647,1
13,2147483648,2147483648,1
14,2147483647,1812140441,1
15,2147483648,3733616459,1
16,3279182318,32768,1
17,2147483647,3026113008,1
18,2147483648,3582477022,1
19,2727210979,240251661,1
20,2150818127,2761027762,1
21,2147483648,3698408854,1
22,1652563013,3224995600,1
23,3091004939,2685643886,1
24,3944899549,32768,1
25,65536,540137296,1
26,2605301030,1603828849,1
27,0,0,0
28,2147483648,2474810179,1
29,0,0,0
30,4074264189,1196342297,1
31,2363629219,3645120421,1
32,0,0,0
33,3085540042,2328710672,1
34,1474280571,1010193046,1
35,414888656,3076020365,1
36,311570307,2147483648,1
37,2147483648,3021680963,1
38,4294901760,3821286999,1
39,1472659626,218179599,1
40,4208200162,480494664,1
41,0,0,0
42,0,0,0
43,4104280419,3482141802,1
44,2147483648,977515194,1
45,3501861759,4167838882,1
46,131072,496694873,1
47,846259450,3865671731,1
48,4231862306,3580822352,1
49,1384049914,3160930353,1
50,1333241445,4294836224,1
51,0,0,0
52,3239656241,521231222,1
53,2633981886,1027553177,1
54,1264999031,2001129658,1
55,2472571231,3589427315,1
56,0,0,0
57,3741448565,131072,1
58,3575706616,3573087602,1
59,2147483647,4078551333,1
60,936216123,3293802269,1
61,1967837345,3070964768,1
62,0,0,0
63,453285987,1870403050,1
64,2076605983,372214308,1
65,0,0,0
66,4071897791,3256292393,1
67,3370864315,2497762234,1
68,2147483647,827143233,1
69,2147483647,770695571,1
70,2147483648,2465587067,1
71,4294901760,230249217,1
72,3283259600,1901472238,1
73,2272313057,674555072,1
74,2550399650,1950049698,1
75,4010075517,3901597465,1
76,1239573053,4048763624,1
77,131072,2147483648,1
78,3248149900,2513971584,1
79,0,0,0
80,1953462417,4243939720,1
81,3248898619,2358880404,1
82,2147483648,487311805,1
83,762921113,621232513,1
84,65536,2180716723,1
85,3450883688,2334014365,1
86,2455852189,4294836224,1
87,4212581851,2534805646,1
88,2147483647,4162697889,1
89,3261605950,3955360367,1
90,65536,197529702,1
91,0,0,0
92,0,0,0
93,2834280710,3665047890,1
94,3003380792,3431078106,1
95,3600630513,1893321208,1
96,0,0,0
97,0,0,0
98,1570991899,1953291127,1
99,4038522943,2620283102,1
100,2788462200,2115806625,1
101,0,0,0
102,396611093,3539873758,1
103,1432410914,2380304322,1
104,0,0,0
105,32768,225052083,1
106,3809941135,2239615923,1
107,2112764974,65536,1
108,3058672970,1847692041,1
109,3236615807,3553738511,1
110,3352745562,65536,1
111,0,0,0
112,1510308881,464794418,1
113,320701326,1459535801,1
114,1055659935,1464137110,1
115,225953184,1168672809,1
116,488842470,131072,1
117,3295741120,4294836224,1
118,0,0,0
119,1554145481,337786687,1
120,3680771674,634323009,1
121,323639855,2488796494,1
122,1357806226,3420209944,1
123,161521910,1651339677,1
124,2147483648,32768,1
125,2618963223,3942508505,1
126,0,0,0
127,2147483647,2843848856,1
128,2957886338,4085241101,1
129,665484476,2261436148,1
130,0,0,0
131,3366396905,3368844542,1
132,1892351448,2597009738,1
133,253279908,2147483647,1
134,0,0,0
135,2791559885,3563798877,1
136,1049100202,2266761348,1
137,131072,4294836224,1
138,0,0,0
139,2275752496,4213532237,1
140,2698343112,32768,1
141,3796285394,4294836224,1
142,4180720160,2816344780,1
143,615451335,1823212172,1
144,3465858038,3082338725,1
145,3915323244,246351029,1
146,133747952,2147483648,1
147,2598862507,3277422858,1
148,0,0,0
149,526723719,2328608265,1
150,2738900744,2147483648,1
151,2457912746,131072,1
152,316756902,1479679716,1
153,0,0,0
154,1076341629,4294901760,1
155,2493857758,4294901760,1
156,1166767955,257324536,1
157,3683301755,2412273600,1
158,415802902,1343100352,1
159,1325040200,4151887478,1
160,2021155136,3790118526,1
161,836038153,510289448,1
162,1846088861,194576436,1
163,0,0,0
164,2893976444,2038349447,1
165,2416207907,2147483648,1
166,32768,3124168227,1
167,1618450083,2079537716,1
168,0,0,0
169,3569033016,629110165,1
170,3736444882,1166605339,1
171,2372931236,3081029401,1
172,0,0,0
173,0,0,0
174,0,0,0
175,2147483648,483814153,1
176,3163749761,3852769339,1
177,603923411,1011556076,1
178,1368664967,65536,1
179,3306442136,948540266,1
180,1604706474,3545940090,1
181,2257033897,481933114,1
182,706681697,2099500153,1
183,131072,1700586760,1
184,454361088,2027530378,1
185,0,0,0
186,32768,1281459294,1
187,1063056115,484664056,1
188,67198189,209063208,1
189,3295015524,1377246195,1
190,1290641764,2128675098,1
191,0,0,0
192,1879406947,575923974,1
193,0,0,0
194,2400244542,65857791,1
195,878377268,1634929736,1
196,0,0,0
197,3162091670,842637307,1
198,331392683,1512585138,1
199,4083882854,2147483648,1
200,3987805071,1766685440,1
201,0,0,0
202,2994607170,2044426338,1
203,3835371277,2434319360,1
204,2826557688,2147483648,1
205,330444012,3110258855,1
206,3602080228,4294901760,1
207,4275014062,315708805,1
208,1673413661,1910126009,1
209,2200851140,1654584280,1
210,2565989729,4294901760,1
211,4031373703,2648572296,1
212,1150215399,2986257683,1
213,2147483648,3375271059,1
214,0,0,0
215,0,0,0
216,0,0,0
