x,y,b,sel,sub,in_vld
0,0,0,0,0,1
65536,65536,131072,0,0,1
65536,65536,131072,1,0,1
65536,65536,131072,1,1,1
2147483647,1,0,1,0,1
2147483648,4294967295,0,1,1,1
2147483647,2147483647,0,1,0,1
2147483648,2147483648,0,1,1,1
4294901760,65536,0,1,0,1
4294901760,65536,0,1,1,1
2147483647,0,2147483647,0,0,1
2147483648,0,2147483648,0,0,1
1181241943,3163119785,1812140441,1,1,1
2147483648,1801823908,3733616459,0,1,1
3279182318,131072,32768,0,0,1
1625792787,3701002945,3026113008,1,1,1
2147483648,1632629719,3582477022,1,1,1
2727210979,1051454923,240251661,0,0,1
32768,2144181937,2761027762,1,1,1
2506254832,2119634399,3698408854,1,1,1
1652563013,4047709743,3224995600,0,1,1
3091004939,3272602734,2685643886,0,0,1
3944899549,2098545541,32768,0,0,1
65536,4294836224,540137296,0,0,1
2605301030,2962958940,1603828849,0,1,1
0,945826486,0,1,0,0
2147483648,2084839399,2474810179,1,1,1
131072,1765670844,2775320897,1,0,0
2147483648,1926780541,1196342297,1,0,1
2363629219,0,3645120421,1,1,1
251837136,4231869256,1954246074,1,0,0
3085540042,1274350418,2328710672,0,1,1
676168421,798112150,1010193046,1,0,1
2660223333,2245334677,3076020365,1,1,1
311570307,4278201677,2147483648,0,1,1
2147483648,677517496,3021680963,0,0,1
4294901760,3771526597,3821286999,0,1,1
1472659626,3663232650,218179599,0,0,1
4208200162,3030818620,480494664,0,0,1
32768,636057975,4294901760,1,0,0
32768,441495235,3993808565,0,0,0
106456634,3997823785,3482141802,1,0,1
3687629943,1976987348,977515194,1,1,1
1198832728,2303029031,4167838882,1,0,1
131072,3377683299,496694873,0,1,1
846259450,3954680709,3865671731,0,0,1
2381183483,2444288473,3580822352,1,1,1
1384049914,2901796894,3160930353,0,1,1
1333241445,632880459,4294836224,0,0,1
2472487690,1649174966,2953315788,0,0,0
939915527,1995226582,521231222,1,1,1
3700092464,3228856718,1027553177,1,0,1
346078411,918920620,2001129658,1,0,1
2472571231,4049044592,3589427315,0,0,1
2096929657,2085816511,3427995190,0,0,0
2294043548,2847562279,131072,1,1,1
909074012,1628334692,3573087602,1,1,1
1503068227,2799264931,4078551333,1,1,1
65536,936150587,3293802269,1,0,1
2147483647,4115320994,3070964768,1,0,1
4294901760,3361393222,1591589823,0,1,0
453285987,3559270786,1870403050,0,0,1
2076605983,1152750071,372214308,0,1,1
1627746667,32768,911047815,0,1,0
4071897791,131072,3256292393,0,0,1
399661102,2971203213,2497762234,1,0,1
1420737819,1163577186,827143233,1,0,1
2079617090,833728665,770695571,1,0,1
2376658660,2108307952,2465587067,1,1,1
4294836224,65536,230249217,1,0,1
3283259600,2244431947,1901472238,0,0,1
3178659381,906346324,674555072,1,1,1
2550399650,994182853,1950049698,0,0,1
4010075517,2338877621,3901597465,0,1,1
1239573053,4294901760,4048763624,0,1,1
131072,2592930364,2147483648,0,0,1
3248149900,2798211967,2513971584,0,1,1
1431548670,3683935600,2979305739,1,0,0
1953462417,1388450337,4243939720,0,0,1
3248898619,3264134512,2358880404,0,1,1
2147483648,1752306681,487311805,0,0,1
3029719886,2028168523,621232513,1,0,1
65536,1782164134,2180716723,0,1,1
638212450,1482296058,2334014365,1,1,1
2455852189,3330938159,4294836224,0,0,1
4212581851,158998032,2534805646,0,0,1
1962491159,662976399,4162697889,1,0,1
3261605950,293864877,3955360367,0,0,1
65536,2980712298,197529702,0,1,1
131072,3403845222,3740227599,0,1,0
4294836224,1973840257,2347621138,1,0,0
4131883398,1297602688,3665047890,1,1,1
3003380792,131072,3431078106,0,1,1
3600630513,2776011793,1893321208,0,0,1
3210405862,4172515979,3923396682,0,1,0
3463841709,494650131,4151086814,0,0,0
1570991899,59780189,1953291127,0,0,1
4038522943,2147483648,2620283102,0,0,1
2788462200,0,2115806625,1,0,1
4086753847,32768,1557724698,0,1,0
260060661,4158416864,3539873758,1,1,1
1432410914,881351238,2380304322,0,0,1
2559721644,4226368665,2320207740,0,1,0
32768,1390587865,225052083,0,0,1
3341557731,468383404,2239615923,1,0,1
1724932977,3907135299,65536,1,1,1
3058672970,1266576188,1847692041,0,1,1
3717261214,3814321889,3553738511,1,0,1
1094743340,2036965074,65536,1,1,1
2389594115,524979361,3222446335,0,0,0
1510308881,913706213,464794418,0,1,1
3466989388,1148679234,1459535801,1,0,1
131671246,923988689,1464137110,1,0,1
225953184,2653594796,1168672809,0,1,1
488842470,2865312534,131072,0,1,1
3295741120,1243165953,4294836224,0,1,1
3462603446,0,2749387529,1,1,0
1554145481,454678712,337786687,0,0,1
2719679239,3333874861,634323009,1,1,1
323639855,2697019445,2488796494,0,0,1
1357806226,2014000727,3420209944,0,1,1
161521910,1232986477,1651339677,0,0,1
2147483648,265745534,32768,0,1,1
4294836224,2619094295,3942508505,1,0,1
32768,65536,1660280619,1,0,0
645848526,2147483647,2843848856,1,0,1
2879586763,78299575,4085241101,1,0,1
665484476,3384950377,2261436148,0,0,1
662510569,3876877928,187657564,1,0,0
3366396905,1027220866,3368844542,0,1,1
1892351448,3342017284,2597009738,0,1,1
4012760260,535486944,2147483647,1,0,1
114547603,32768,4271453859,1,1,0
2791559885,590985753,3563798877,0,1,1
340272119,3586139213,2266761348,1,1,1
131072,2674951016,4294836224,0,1,1
616657849,2640587058,1789144223,0,1,0
0,2019214800,4213532237,1,1,1
2698343112,1428156550,32768,0,1,1
2986674107,3485356009,4294836224,1,1,1
2033236512,2147483648,2816344780,1,0,1
4108044807,802373824,1823212172,1,0,1
440654676,1269763934,3082338725,1,1,1
3915323244,1868055235,246351029,0,1,1
133747952,1881937953,2147483648,0,1,1
2598862507,4075166047,3277422858,0,0,1
487258103,2412365931,1916728422,0,1,0
526723719,1941508568,2328608265,0,0,1
2738900744,2185089287,2147483648,0,1,1
2457912746,3797809576,131072,0,0,1
316756902,2758823240,1479679716,0,0,1
4150074940,657196424,3046558332,1,0,0
1076341629,2365845882,4294901760,0,1,1
2493857758,3709911999,4294901760,0,0,1
4108781210,2942013255,257324536,1,1,1
3085345100,3697010641,2412273600,1,1,1
415802902,2643025991,1343100352,0,1,1
1325171272,131072,4151887478,1,1,1
2021155136,3638577630,3790118526,0,0,1
836038153,315816454,510289448,0,1,1
4032753406,2186664545,194576436,1,1,1
2214080278,2633107545,2286382166,0,1,0
2893976444,2506981604,2038349447,0,0,1
3098389895,3612785308,2147483648,1,0,1
32768,875708102,3124168227,0,0,1
1618450083,2289763301,2079537716,0,1,1
4218775843,3027526473,2100252248,1,0,0
1236045959,2332987057,629110165,1,0,1
2817378520,919066362,1166605339,1,0,1
2147483648,225447588,3081029401,1,0,1
3990452762,3772697661,4139979288,1,0,0
2147483648,4022964382,751897503,0,1,0
2127657643,3977310212,39802179,0,1,0
4031086659,2010133918,483814153,1,1,1
3163749761,3252504650,3852769339,0,0,1
603923411,1065354117,1011556076,0,0,1
49116110,2975418439,65536,1,1,1
3306442136,4039999237,948540266,0,1,1
1604706474,3920432795,3545940090,0,0,1
2257033897,1553854176,481933114,0,0,1
706681697,1897690739,2099500153,0,1,1
131072,3465675062,1700586760,0,0,1
32768,3840638976,2027530378,1,1,1
4139414619,3828248698,1621334484,1,0,0
32768,131072,1281459294,0,0,1
1063056115,1183906581,484664056,0,1,1
67198189,144208994,209063208,0,1,1
242425303,1242377075,1377246195,1,1,1
1290641764,2147483647,2128675098,0,0,1
1788100692,131072,2310384304,1,1,0
4294836224,2415429277,575923974,1,1,1
3638410176,2147483648,131072,0,0,0
2400244542,1430070821,65857791,0,0,1
878377268,2371162526,1634929736,0,1,1
2135789708,4294836224,872425923,1,1,0
69663945,3092427725,842637307,1,0,1
1449827559,3176532420,1512585138,1,0,1
4111301175,27418321,2147483648,1,1,1
3920237643,67567428,1766685440,1,0,1
769945233,2252218154,1522312933,0,1,0
2994607170,136083924,2044426338,0,0,1
4182609867,3947728706,2434319360,1,0,1
2826557688,3652558724,2147483648,0,0,1
330444012,1424768819,3110258855,0,0,1
3602080228,3322393065,4294901760,0,1,1
1612446667,1632399901,315708805,1,1,1
1673413661,393077279,1910126009,0,1,1
2200916676,65536,1654584280,1,1,1
4201221330,1635231601,4294901760,1,1,1
1287426116,1551019709,2648572296,1,1,1
3703113566,2552898167,2986257683,1,1,1
2718295375,3358554365,3375271059,1,0,1
0,0,0,0,0,0
0,0,0,0,0,0
0,0,0,0,0,0
0,0,0,0,0,0
