cycle,out_vld,a_out,b_out
0,0,0,0
1,0,0,0
2,1,0,0
3,1,65536,131072
4,1,131072,131072
5,1,0,131072
6,1,2147483647,0
7,1,2147483649,0
8,1,2147483647,0
9,1,0,0
10,1,0,0
11,1,4294836224,0
12,1,2147483647,2147483647
13,1,2147483648,2147483648
14,1,2147483647,1812140441
15,1,2147483648,3733616459
16,1,3279182318,32768
17,1,2147483647,3026113008
18,1,2147483648,3582477022
19,1,2727210979,240251661
20,1,2150818127,2761027762
21,1,2147483648,3698408854
22,1,1652563013,3224995600
23,1,3091004939,2685643886
24,1,3944899549,32768
25,1,65536,540137296
26,1,2605301030,1603828849
27,0,0,0
28,1,2147483648,2474810179
29,0,0,0
30,1,4074264189,1196342297
31,1,2363629219,3645120421
32,0,0,0
33,1,3085540042,2328710672
34,1,1474280571,1010193046
35,1,414888656,3076020365
36,1,311570307,2147483648
37,1,2147483648,3021680963
38,1,4294901760,3821286999
39,1,1472659626,218179599
40,1,4208200162,480494664
41,0,0,0
42,0,0,0
43,1,4104280419,3482141802
44,1,2147483648,977515194
45,1,3501861759,4167838882
46,1,131072,496694873
47,1,846259450,3865671731
48,1,4231862306,3580822352
49,1,1384049914,3160930353
50,1,1333241445,4294836224
51,0,0,0
52,1,3239656241,521231222
53,1,2633981886,1027553177
54,1,1264999031,2001129658
55,1,2472571231,3589427315
56,0,0,0
57,1,3741448565,131072
58,1,3575706616,3573087602
59,1,2147483647,4078551333
60,1,936216123,3293802269
61,1,1967837345,3070964768
62,0,0,0
63,1,453285987,1870403050
64,1,2076605983,372214308
65,0,0,0
66,1,4071897791,3256292393
67,1,3370864315,2497762234
68,1,2147483647,827143233
69,1,2147483647,770695571
70,1,2147483648,2465587067
71,1,4294901760,230249217
72,1,3283259600,1901472238
73,1,2272313057,674555072
74,1,2550399650,1950049698
75,1,4010075517,3901597465
76,1,1239573053,4048763624
77,1,131072,2147483648
78,1,3248149900,2513971584
79,0,0,0
80,1,1953462417,4243939720
81,1,3248898619,2358880404
82,1,2147483648,487311805
83,1,762921113,621232513
84,1,65536,2180716723
85,1,3450883688,2334014365
86,1,2455852189,4294836224
87,1,4212581851,2534805646
88,1,2147483647,4162697889
89,1,3261605950,3955360367
90,1,65536,197529702
91,0,0,0
92,0,0,0
93,1,2834280710,3665047890
94,1,3003380792,3431078106
95,1,3600630513,1893321208
96,0,0,0
97,0,0,0
98,1,1570991899,1953291127
99,1,4038522943,2620283102
100,1,2788462200,2115806625
101,0,0,0
102,1,396611093,3539873758
103,1,1432410914,2380304322
104,0,0,0
105,1,32768,225052083
106,1,3809941135,2239615923
107,1,2112764974,65536
108,1,3058672970,1847692041
109,1,3236615807,3553738511
110,1,3352745562,65536
111,0,0,0
112,1,1510308881,464794418
113,1,320701326,1459535801
114,1,1055659935,1464137110
115,1,225953184,1168672809
116,1,488842470,131072
117,1,3295741120,4294836224
118,0,0,0
119,1,1554145481,337786687
120,1,3680771674,634323009
121,1,323639855,2488796494
122,1,1357806226,3420209944
123,1,161521910,1651339677
124,1,2147483648,32768
125,1,2618963223,3942508505
126,0,0,0
127,1,2147483647,2843848856
128,1,2957886338,4085241101
129,1,665484476,2261436148
130,0,0,0
131,1,3366396905,3368844542
132,1,1892351448,2597009738
133,1,253279908,2147483647
134,0,0,0
135,1,2791559885,3563798877
136,1,1049100202,2266761348
137,1,131072,4294836224
138,0,0,0
139,1,2275752496,4213532237
140,1,2698343112,32768
141,1,3796285394,4294836224
142,1,4180720160,2816344780
143,1,615451335,1823212172
144,1,3465858038,3082338725
145,1,3915323244,246351029
146,1,133747952,2147483648
147,1,2598862507,3277422858
148,0,0,0
149,1,526723719,2328608265
150,1,2738900744,2147483648
151,1,2457912746,131072
152,1,316756902,1479679716
153,0,0,0
154,1,1076341629,4294901760
155,1,2493857758,4294901760
156,1,1166767955,257324536
157,1,3683301755,2412273600
158,1,415802902,1343100352
159,1,1325040200,4151887478
160,1,2021155136,3790118526
161,1,836038153,510289448
162,1,1846088861,194576436
163,0,0,0
164,1,2893976444,2038349447
165,1,2416207907,2147483648
166,1,32768,3124168227
167,1,1618450083,2079537716
168,0,0,0
169,1,3569033016,629110165
170,1,3736444882,1166605339
171,1,2372931236,3081029401
172,0,0,0
173,0,0,0
174,0,0,0
175,1,2147483648,483814153
176,1,3163749761,3852769339
177,1,603923411,1011556076
178,1,1368664967,65536
179,1,3306442136,948540266
180,1,1604706474,3545940090
181,1,2257033897,481933114
182,1,706681697,2099500153
183,1,131072,1700586760
184,1,454361088,2027530378
185,0,0,0
186,1,32768,1281459294
187,1,1063056115,484664056
188,1,67198189,209063208
189,1,3295015524,1377246195
190,1,1290641764,2128675098
191,0,0,0
192,1,1879406947,575923974
193,0,0,0
194,1,2400244542,65857791
195,1,878377268,1634929736
196,0,0,0
197,1,3162091670,842637307
198,1,331392683,1512585138
199,1,4083882854,2147483648
200,1,3987805071,1766685440
201,0,0,0
202,1,2994607170,2044426338
203,1,3835371277,2434319360
204,1,2826557688,2147483648
205,1,330444012,3110258855
206,1,3602080228,4294901760
207,1,4275014062,315708805
208,1,1673413661,1910126009
209,1,2200851140,1654584280
210,1,2565989729,4294901760
211,1,4031373703,2648572296
212,1,1150215399,2986257683
213,1,2147483648,3375271059
214,0,0,0
215,0,0,0
216,0,0,0
