a_out,b_out,out_vld
0,0,0
0,0,0
0,0,1
65536,131072,1
131072,131072,1
0,131072,1
2147483647,0,1
2147483649,0,1
2147483647,0,1
0,0,1
0,0,1
4294836224,0,1
2147483647,2147483647,1
2147483648,2147483648,1
2147483647,1812140441,1
2147483648,3733616459,1
3279182318,32768,1
2147483647,3026113008,1
2147483648,3582477022,1
2727210979,240251661,1
2150818127,2761027762,1
2147483648,3698408854,1
1652563013,3224995600,1
3091004939,2685643886,1
3944899549,32768,1
65536,540137296,1
2605301030,1603828849,1
0,0,0
2147483648,2474810179,1
0,0,0
4074264189,1196342297,1
2363629219,3645120421,1
0,0,0
3085540042,2328710672,1
1474280571,1010193046,1
414888656,3076020365,1
311570307,2147483648,1
2147483648,3021680963,1
4294901760,3821286999,1
1472659626,218179599,1
4208200162,480494664,1
0,0,0
0,0,0
4104280419,3482141802,1
2147483648,977515194,1
3501861759,4167838882,1
131072,496694873,1
846259450,3865671731,1
4231862306,3580822352,1
1384049914,3160930353,1
1333241445,4294836224,1
0,0,0
3239656241,521231222,1
2633981886,1027553177,1
1264999031,2001129658,1
2472571231,3589427315,1
0,0,0
3741448565,131072,1
3575706616,3573087602,1
2147483647,4078551333,1
936216123,3293802269,1
1967837345,3070964768,1
0,0,0
453285987,1870403050,1
2076605983,372214308,1
0,0,0
4071897791,3256292393,1
3370864315,2497762234,1
2147483647,827143233,1
2147483647,770695571,1
2147483648,2465587067,1
4294901760,230249217,1
3283259600,1901472238,1
2272313057,674555072,1
2550399650,1950049698,1
4010075517,3901597465,1
1239573053,4048763624,1
131072,2147483648,1
3248149900,2513971584,1
0,0,0
1953462417,4243939720,1
3248898619,2358880404,1
2147483648,487311805,1
762921113,621232513,1
65536,2180716723,1
3450883688,2334014365,1
2455852189,4294836224,1
4212581851,2534805646,1
2147483647,4162697889,1
3261605950,3955360367,1
65536,197529702,1
0,0,0
0,0,0
2834280710,3665047890,1
3003380792,3431078106,1
3600630513,1893321208,1
0,0,0
0,0,0
1570991899,1953291127,1
4038522943,2620283102,1
2788462200,2115806625,1
0,0,0
396611093,3539873758,1
1432410914,2380304322,1
0,0,0
32768,225052083,1
3809941135,2239615923,1
2112764974,65536,1
3058672970,1847692041,1
3236615807,3553738511,1
3352745562,65536,1
0,0,0
1510308881,464794418,1
320701326,1459535801,1
1055659935,1464137110,1
225953184,1168672809,1
488842470,131072,1
3295741120,4294836224,1
0,0,0
1554145481,337786687,1
3680771674,634323009,1
323639855,2488796494,1
1357806226,3420209944,1
161521910,1651339677,1
2147483648,32768,1
2618963223,3942508505,1
0,0,0
2147483647,2843848856,1
2957886338,4085241101,1
665484476,2261436148,1
0,0,0
3366396905,3368844542,1
1892351448,2597009738,1
253279908,2147483647,1
0,0,0
2791559885,3563798877,1
1049100202,2266761348,1
131072,4294836224,1
0,0,0
2275752496,4213532237,1
2698343112,32768,1
3796285394,4294836224,1
4180720160,2816344780,1
615451335,1823212172,1
3465858038,3082338725,1
3915323244,246351029,1
133747952,2147483648,1
2598862507,3277422858,1
0,0,0
526723719,2328608265,1
2738900744,2147483648,1
2457912746,131072,1
316756902,1479679716,1
0,0,0
1076341629,4294901760,1
2493857758,4294901760,1
1166767955,257324536,1
3683301755,2412273600,1
415802902,1343100352,1
1325040200,4151887478,1
2021155136,3790118526,1
836038153,510289448,1
1846088861,194576436,1
0,0,0
2893976444,2038349447,1
2416207907,2147483648,1
32768,3124168227,1
1618450083,2079537716,1
0,0,0
3569033016,629110165,1
3736444882,1166605339,1
2372931236,3081029401,1
0,0,0
0,0,0
0,0,0
2147483648,483814153,1
3163749761,3852769339,1
603923411,1011556076,1
1368664967,65536,1
3306442136,948540266,1
1604706474,3545940090,1
2257033897,481933114,1
706681697,2099500153,1
131072,1700586760,1
454361088,2027530378,1
0,0,0
32768,1281459294,1
1063056115,484664056,1
67198189,209063208,1
3295015524,1377246195,1
1290641764,2128675098,1
0,0,0
1879406947,575923974,1
0,0,0
2400244542,65857791,1
878377268,1634929736,1
0,0,0
3162091670,842637307,1
331392683,1512585138,1
4083882854,2147483648,1
3987805071,1766685440,1
0,0,0
2994607170,2044426338,1
3835371277,2434319360,1
2826557688,2147483648,1
330444012,3110258855,1
3602080228,4294901760,1
4275014062,315708805,1
1673413661,1910126009,1
2200851140,1654584280,1
2565989729,4294901760,1
4031373703,2648572296,1
1150215399,2986257683,1
2147483648,3375271059,1
0,0,0
0,0,0
